id,day,month,year,hh,mm,ss,x,y,utm.zone,external-temp,height-above-msl
1,1,6,14,12,0,33,541231.4865,7140591.663,35S,13.5,1161
2,2,6,14,12,1,34,536260.0017,7140470.079,35S,13.5,1161
3,3,6,14,12,0,54,533684.4891,7141923.227,35S,25.5,1164
4,4,6,14,12,0,33,529026.4853,7142802.537,35S,22.5,1167
5,5,6,14,12,0,34,528905.9541,7141767.358,35S,30.5,1167
6,6,6,14,12,0,33,528948.1843,7141831.496,35S,28,1161
7,8,6,14,12,0,33,533190.6296,7142000.894,35S,22,1164
8,9,6,14,12,0,33,538040.299,7139319.963,35S,24.5,1161
9,10,6,14,12,0,33,529747.6988,7141749.98,35S,24,1216
10,12,6,14,12,0,33,529454.6528,7142007.562,35S,26,1209
11,13,6,14,12,0,33,539313.2422,7139141.245,35S,22.5,1219
12,14,6,14,12,0,59,535059.0929,7141044.768,35S,20.5,1213
13,15,6,14,12,0,33,543774.4453,7138709.652,35S,29,1216
14,16,6,14,12,0,34,530178.4674,7141686.984,35S,29.5,1184
15,17,6,14,12,0,33,533128.3744,7141952.323,35S,17,1198
16,18,6,14,12,2,4,532991.4579,7142503.06,35S,16.5,1206
17,19,6,14,12,0,33,530271.7256,7142149.675,35S,34,1186
18,20,6,14,12,0,58,533282.7845,7141984.05,35S,27,1204
19,21,6,14,12,0,33,533223.5945,7142356.296,35S,23.5,1231
20,22,6,14,12,0,33,533398.8389,7142302.696,35S,21.5,1229
21,23,6,14,12,0,33,533373.8214,7142317.156,35S,29.5,1191
22,24,6,14,12,0,33,533682.6657,7141602.077,35S,26.5,1179
23,25,6,14,12,0,34,531378.2425,7136325.312,35S,20.5,1226
24,26,6,14,12,0,33,531338.594,7136501.489,35S,17,1225
25,27,6,14,12,0,33,531338.594,7136501.489,35S,30,1241
26,28,6,14,12,0,33,531341.5992,7136501.482,35S,29,1221
27,29,6,14,12,0,33,534038.0769,7141470.486,35S,20,1228
28,1,7,14,12,0,33,545924.4028,7138667.992,35S,21,1193
29,2,7,14,12,0,57,533950.9769,7140725.408,35S,36,1226
30,4,7,14,12,1,4,533163.4283,7142342.051,35S,29.5,1209
31,5,7,14,12,0,33,533332.1143,7142468.98,35S,20,1208
32,6,7,14,12,0,59,533325.0935,7142466.783,35S,17.5,1210
33,7,7,14,12,0,33,533700.8794,7141670.691,35S,32,1203
34,8,7,14,12,0,33,530262.8003,7142190.671,35S,27.5,1183
35,9,7,14,12,1,3,528899.5032,7143395.288,35S,23.5,1189
36,10,7,14,12,0,33,530507.2016,7141703.946,35S,19,1186
37,11,7,14,12,0,33,528857.5569,7143462.933,35S,35.5,1181
38,12,7,14,12,0,33,526631.2513,7146786.557,35S,27.5,1169
39,13,7,14,12,0,33,527900.3637,7146285.596,35S,16,1164
40,14,7,14,12,0,33,529079.7973,7141982.924,35S,16,1163
41,15,7,14,12,0,33,536869.82,7139604.584,35S,32.5,1162
42,17,7,14,12,0,33,540844.114,7138789.952,35S,28.5,1161
43,18,7,14,12,0,33,538803.8172,7138312.176,35S,20,1163
44,19,7,14,12,0,34,538364.5131,7139520.576,35S,22,1151
45,20,7,14,12,0,33,538829.4094,7139175.905,35S,28,1142
46,21,7,14,12,0,33,538725.1356,7139491.833,35S,27.5,1122
47,23,7,14,12,0,33,544711.2472,7139893.688,35S,21.5,1149
48,24,7,14,12,0,33,550557.2927,7139199.196,35S,13,1144
49,25,7,14,12,1,34,550229.1516,7140643.47,35S,29,1149
50,27,7,14,12,0,33,551683.761,7143608.041,35S,23.5,1156
51,28,7,14,12,0,33,546319.7433,7138550.323,35S,18.5,1136
52,29,7,14,12,0,33,539843.8681,7139008.971,35S,10.5,1135
53,30,7,14,12,2,4,539790.7698,7139010.239,35S,27,1164
54,31,7,14,12,0,33,540775.3191,7138898.695,35S,25,1157
55,1,8,14,12,0,33,532233.6955,7142867.065,35S,20.5,1165
56,2,8,14,12,0,33,526984.017,7146239.883,35S,17.5,1163
57,3,8,14,12,1,17,527108.4354,7146294.999,35S,30,1163
58,4,8,14,12,0,33,526843.0084,7146406.283,35S,26,1151
59,7,8,14,12,1,25,527393.4725,7145974.366,35S,22.5,1145
60,8,8,14,12,0,33,528393.6073,7145833.824,35S,21,1134
61,9,8,14,12,0,34,528388.5999,7145836.05,35S,27.5,1161
62,11,8,14,12,0,33,528751.7007,7145937.146,35S,25,1149
63,14,8,14,12,0,33,528661.3813,7143585.178,35S,16,1161
64,15,8,14,12,0,34,528463.2967,7144681.956,35S,15.5,1149
65,16,8,14,12,0,33,532894.8466,7142743.614,35S,34.5,1237
66,18,8,14,12,0,27,557772.7089,7142227.221,35S,24.5,1294
67,19,8,14,12,0,33,560241.2629,7144665.892,35S,16.5,1231
68,20,8,14,12,0,33,558257.9083,7142257.201,35S,18.5,1154
69,21,8,14,12,0,33,558288.5499,7142160.716,35S,29.5,1151
70,22,8,14,12,1,4,558257.8985,7142254.986,35S,25.5,1128
71,23,8,14,12,0,33,558480.5359,7142062.407,35S,13,1137
72,24,8,14,12,0,34,560171.5451,7144325.109,35S,14,1136
73,25,8,14,12,0,33,565348.4265,7147689.354,35S,36.5,1116
74,26,8,14,12,0,33,561770.9286,7147023.266,35S,28.5,1120
75,27,8,14,12,1,4,556305.7432,7141349.814,35S,13.5,1109
76,28,8,14,12,0,33,548494.9484,7138841.498,35S,14.5,1122
77,30,8,14,12,0,33,550216.8583,7140047.705,35S,31.5,1134
78,31,8,14,12,0,21,549174.3229,7141810.279,35S,25,1162
79,1,9,14,12,0,33,548845.2456,7139009.643,35S,18,1159
80,2,9,14,12,2,4,556424.4873,7141230.807,35S,13.5,1159
81,3,9,14,12,0,33,556380.4592,7141480.176,35S,32,1128
82,4,9,14,12,0,33,556471.1965,7141607.146,35S,25.5,1119
83,5,9,14,12,0,33,551657.0032,7143685.667,35S,17,1121
84,6,9,14,12,0,33,550781.9131,7143664.703,35S,16,1121
85,7,9,14,12,0,33,550911.2819,7143423.887,35S,31,1122
86,8,9,14,12,0,33,550966.6704,7141419.178,35S,25.5,1118
87,9,9,14,12,0,33,544566.5505,7141845.501,35S,18.5,1122
88,10,9,14,12,0,33,544464.0894,7141773.863,35S,16,1120
89,11,9,14,12,0,33,544451.9068,7141727.391,35S,33.5,1116
90,12,9,14,12,0,33,544486.1475,7141777.111,35S,26.5,1138
91,13,9,14,12,0,33,544705.3481,7139926.931,35S,17,1126
92,14,9,14,12,0,33,551733.6708,7143555.794,35S,15,1122
93,15,9,14,12,0,33,561102.5352,7145577.808,35S,34,1123
94,16,9,14,12,1,34,569303.1423,7149084.554,35S,26.5,1103
95,17,9,14,12,0,33,571523.1233,7150174.672,35S,20,1119
96,18,9,14,12,0,34,571420.8067,7150169.688,35S,21.5,1125
97,19,9,14,12,0,33,573142.1185,7150611.023,35S,32,1119
98,20,9,14,12,0,33,568643.5457,7148353.737,35S,26.5,1127
99,8,10,14,12,0,33,548473.949,7138852.65,35S,22.5,1126
100,9,10,14,12,0,33,549073.838,7139049.768,35S,20,1124
101,11,10,14,12,1,4,555286.8342,7140457.084,35S,33.5,1124
102,12,10,14,12,0,33,555167.642,7140708.979,35S,26,1120
103,13,10,14,12,0,33,560454.1229,7144086.818,35S,20,1128
104,14,10,14,12,0,33,559622.1007,7143627.684,35S,20.5,1127
105,15,10,14,12,2,7,554736.2376,7139863.568,35S,30.5,1128
106,17,10,14,12,1,4,554893.2284,7139785.392,35S,25.5,1129
107,19,10,14,12,0,34,555006.2289,7140450.507,35S,20,1136
108,20,10,14,12,0,34,551996.1634,7142766.253,35S,17,1125
109,21,10,14,12,0,34,551668.6877,7143598.133,35S,30,1133
110,22,10,14,12,1,34,552027.2409,7142768.345,35S,27.5,1126
111,23,10,14,12,0,55,552256.1559,7142617.932,35S,15,1128
112,24,10,14,12,0,33,549626.7376,7140863.923,35S,23,1129
113,25,10,14,12,1,28,543002.5307,7138573.767,35S,31.5,1135
114,26,10,14,12,0,33,539016.4192,7138719.086,35S,27,1158
115,27,10,14,12,0,34,538870.1137,7138370.675,35S,19,1168
116,28,10,14,12,0,34,540284.9833,7139096.223,35S,16.5,1169
117,29,10,14,12,0,34,544999.3598,7140051.071,35S,33,1211
118,30,10,14,12,0,49,544994.3574,7140053.303,35S,25.5,1213
119,1,11,14,12,0,27,544625.4027,7139990.327,35S,19.5,1221
120,3,11,14,12,0,34,544710.3706,7139635.655,35S,13,1220
121,8,11,14,12,0,33,549211.8394,7138978.375,35S,29.5,1166
122,11,11,14,12,1,33,544924.1113,7140022.535,35S,25.5,1135
123,12,11,14,12,0,28,545146.9656,7140141.377,35S,15.5,1123
124,13,11,14,12,0,58,545210.5823,7139700.393,35S,15,1197
125,14,11,14,12,0,33,545163.2348,7139626.357,35S,31.5,1122
126,16,11,14,12,0,33,545546.3632,7139733.567,35S,23,1132
127,17,11,14,12,0,33,545208.5137,7139681.574,35S,21,1152
128,18,11,14,12,0,33,550649.1691,7143028.428,35S,15.5,1151
129,19,11,14,12,0,57,556295.6976,7145098.623,35S,30,1142
130,20,11,14,12,1,34,556303.8208,7145122.952,35S,25.5,1129
131,22,11,14,12,0,34,556291.7258,7145107.499,35S,20,1124
132,23,11,14,12,1,31,556216.39,7145071.274,35S,16,1161
133,27,11,14,12,0,52,547840.7962,7138044.31,35S,33,1161
134,28,11,14,12,0,33,547817.6449,7138014.492,35S,28.5,1158
135,29,11,14,12,0,53,545138.2703,7140235.54,35S,16.5,1156
136,1,12,14,12,0,52,545135.2567,7140233.335,35S,23,1157
137,2,12,14,12,0,33,544951.8574,7140225.103,35S,28,1148
138,7,12,14,12,0,33,545231.5515,7139679.28,35S,24.5,1147
139,8,12,14,12,0,33,546342.2335,7138677.601,35S,12.5,1160
140,10,12,14,12,0,33,546449.4172,7138671.686,35S,14,1156
141,12,12,14,12,0,56,545394.261,7139791.679,35S,29,1210
142,13,12,14,12,0,57,545228.5532,7139681.505,35S,23,1180
143,15,12,14,12,0,56,548881.5207,7139064.881,35S,14.5,1133
144,16,12,14,12,0,33,545656.534,7139430.851,35S,22.5,1129
145,17,12,14,12,0,33,545679.6029,7138860.433,35S,32,1122
146,19,12,14,12,0,33,545759.5326,7138795.923,35S,23,1118
147,20,12,14,12,0,33,551876.5726,7142683.665,35S,20.5,1149
148,21,12,14,12,1,32,554538.7409,7140081.451,35S,15,1143
149,22,12,14,12,0,33,550228.8157,7138980.07,35S,30,1129
150,23,12,14,12,0,33,545693.6105,7138854.847,35S,24,1126
151,24,12,14,12,0,58,545751.5365,7138801.488,35S,12.5,1123
152,25,12,14,12,1,4,545744.5155,7138799.298,35S,19,1127
153,26,12,14,12,0,59,559835.241,7143108.422,35S,31.5,1134
154,27,12,14,12,2,4,559236.5967,7143044.678,35S,24,1118
155,28,12,14,12,0,37,559178.4414,7143039.402,35S,18,1123
156,30,12,14,12,0,54,549055.7,7139022.149,35S,15,1125
157,31,12,14,12,1,4,548292.6003,7139125.751,35S,26.5,1144
158,1,1,15,12,0,46,548852.2316,7139272.084,35S,22.5,1110
159,2,1,15,12,1,34,552844.8836,7142973.294,35S,11,1117
160,3,1,15,12,0,33,548275.7258,7139169.003,35S,14,1116
161,5,1,15,12,1,10,548250.6164,7139152.484,35S,29.5,1110
162,6,1,15,12,0,33,549654.4984,7138925.769,35S,25,1105
163,7,1,15,12,2,5,548870.2321,7138992.938,35S,14.5,1115
164,8,1,15,12,0,33,548845.1017,7138970.882,35S,14,1113
165,9,1,15,12,0,55,548830.8003,7139166.955,35S,32,1133
166,10,1,15,12,0,33,548805.7764,7139173.693,35S,25,1266
167,11,1,15,12,0,34,549177.2352,7139370.545,35S,17,1263
168,12,1,15,12,0,33,551243.0641,7139052.574,35S,16.5,1260
169,13,1,15,12,0,58,549220.2281,7139346.02,35S,34.5,1204
170,14,1,15,12,0,33,549261.5832,7138884.055,35S,21.5,1258
171,15,1,15,12,1,4,549811.1504,7138753.521,35S,13.5,1255
172,16,1,15,12,0,33,550231.83,7139244.741,35S,30.5,1171
173,17,1,15,12,0,33,550229.4371,7139142.864,35S,24,1142
174,18,1,15,12,0,34,550234.5652,7139173.853,35S,12.5,1130
175,19,1,15,12,1,35,550175.8506,7139541.753,35S,10,1127
176,20,1,15,12,0,34,550321.0854,7140314.204,35S,29.5,1125
177,23,1,15,12,0,33,551958.5589,7143396.544,35S,21.5,1104
178,24,1,15,12,0,37,551926.2814,7143344.62,35S,12,1107
179,25,1,15,12,0,33,551535.4627,7141568.687,35S,14,1113
180,26,1,15,12,1,55,552313.2409,7141850.238,35S,30.5,1122
181,27,1,15,12,0,33,552207.831,7141804.142,35S,25,1123
182,28,1,15,12,0,33,552158.6163,7141776.651,35S,20,1136
183,29,1,15,12,0,33,552230.9275,7140552.622,35S,17.5,1133
184,30,1,15,12,0,33,552415.4757,7142105.654,35S,30,1130
185,31,1,15,12,0,59,553654.5217,7144406.396,35S,23.5,1138
186,1,2,15,12,0,33,552399.8441,7141955.102,35S,14.5,1136
187,2,2,15,12,0,33,549161.8128,7139265.394,35S,14,1142
188,4,2,15,12,0,34,545460.6388,7138702.826,35S,30.5,1131
189,5,2,15,12,1,4,544055.4227,7138542.597,35S,19.5,1133
190,6,2,15,12,2,4,545470.5736,7138678.428,35S,13,1143
191,7,2,15,12,0,33,543089.999,7139890.236,35S,30.5,1140
192,8,2,15,12,0,34,538038.3271,7139331.043,35S,24.5,1129
193,9,2,15,12,1,34,540558.6914,7138829.596,35S,17.5,1124
194,10,2,15,12,0,33,540357.9707,7138719.469,35S,14.5,1124
195,11,2,15,12,0,43,539633.1139,7139225.559,35S,27.5,1116
196,12,2,15,12,0,33,539350.34,7139149.994,35S,25,1128
197,13,2,15,12,0,58,534390.6383,7141017.737,35S,16.5,1121
198,14,2,15,12,0,33,534035.0338,7141068.496,35S,18,1136
199,15,2,15,12,0,34,532935.7928,7142285.035,35S,32,1151
200,16,2,15,12,0,33,534367.7064,7141062.095,35S,25.5,1098
201,17,2,15,12,0,33,533392.3881,7141734.6,35S,20.5,1105
202,19,2,15,12,0,33,536030.7682,7140554.873,35S,17.5,1106
203,20,2,15,12,0,59,538492.5367,7139442.681,35S,31.5,1104
204,21,2,15,12,0,33,538469.4433,7139426.137,35S,25.5,1104
205,22,2,15,12,0,33,538686.9303,7139106.556,35S,16.5,1111
206,23,2,15,12,0,33,537769.9946,7139397.155,35S,15,1116
207,24,2,15,12,0,33,537735.9792,7139414.971,35S,29,1104
208,25,2,15,12,0,33,537831.3679,7139485.573,35S,23.5,1128
209,26,2,15,12,1,5,537840.3791,7139483.333,35S,14.5,1129
210,27,2,15,12,0,33,537840.3728,7139481.118,35S,13.5,1098
211,28,2,15,12,0,33,538913.1754,7139380.535,35S,32,1132
212,1,3,15,12,0,33,542942.4355,7138579.5,35S,24,1149
213,2,3,15,12,0,33,538406.6987,7139212.584,35S,23.5,1224
214,3,3,15,12,0,33,538379.9862,7138985.637,35S,22,1222
215,4,3,15,12,0,33,540882.4547,7138876.214,35S,31,1202
216,5,3,15,12,0,33,540764.4593,7138950.779,35S,21.5,1198
217,6,3,15,12,0,34,544181.0862,7138669.532,35S,16.5,1205
218,7,3,15,12,0,33,551114.5283,7138978.874,35S,17,1214
219,8,3,15,12,0,33,545269.0961,7140398.993,35S,25,1206
220,9,3,15,12,0,33,539077.5525,7139062.212,35S,18.5,1204
221,10,3,15,12,0,33,539253.5494,7139283.176,35S,11,1210
222,11,3,15,12,1,44,539745.1784,7138843.153,35S,6,1212
223,12,3,15,12,0,33,540918.7159,7138615.852,35S,29.5,1203
224,13,3,15,12,0,33,540917.4457,7138851.741,35S,22.5,1200
225,15,3,15,12,0,33,550394.5292,7141176.632,35S,11.5,1174
226,16,3,15,12,0,33,551831.4699,7143957.416,35S,6.5,1142
227,17,3,15,12,0,33,551615.1369,7143744.526,35S,27.5,1131
228,18,3,15,12,0,33,551605.2354,7143775.574,35S,20.5,1152
229,20,3,15,12,0,44,551604.0684,7143733.495,35S,14,1162
230,21,3,15,12,0,33,550687.111,7141167.757,35S,13,1155
231,22,3,15,12,0,33,557056.1947,7141778.497,35S,29,1155
232,23,3,15,12,0,52,553730.1543,7144026.23,35S,24.5,1181
233,24,3,15,12,1,20,553607.8628,7144024.513,35S,13.5,1175
234,25,3,15,12,0,33,553620.9019,7144026.675,35S,12,1174
235,27,3,15,12,1,34,551921.2919,7143350.177,35S,26.5,1156
236,28,3,15,12,0,33,551665.1777,7143725.504,35S,21,1154
237,29,3,15,12,0,33,551493.3702,7140799.168,35S,10.5,1163
238,1,4,15,12,0,34,549290.7841,7138922.707,35S,17,1167
239,2,4,15,12,0,33,549626.0404,7139350.033,35S,25,1155
240,3,4,15,12,0,33,547369.48,7138757.002,35S,22,1149
241,4,4,15,12,0,34,540454.037,7138681.521,35S,14,1153
242,5,4,15,12,0,33,540650.1316,7138915.694,35S,13,1158
243,6,4,15,12,0,33,537244.4779,7139576.95,35S,26.5,1130
244,7,4,15,12,1,29,533122.3477,7141946.801,35S,24.5,1122
245,8,4,15,12,0,59,537555.4613,7139356.793,35S,13.5,1128
246,9,4,15,12,1,8,549590.972,7139350.165,35S,15,1138
247,10,4,15,12,1,46,544471.0522,7138495.793,35S,30.5,1136
248,11,4,15,12,0,36,546012.3167,7138308.87,35S,21.5,1156
249,12,4,15,12,1,34,547600.5195,7138922.286,35S,14,1157
250,14,4,15,12,0,33,550191.3761,7139146.331,35S,13.5,1152
251,15,4,15,12,0,33,540923.7711,7140241.564,35S,29.5,1123
252,16,4,15,12,0,33,549097.6883,7142759.652,35S,22,1144
253,17,4,15,12,0,33,549030.5802,7143040.087,35S,16,1129
254,18,4,15,12,0,53,548930.3691,7143043.781,35S,14,1128
255,19,4,15,12,0,59,548881.1035,7143001.881,35S,28.5,1135
256,20,4,15,12,0,33,551791.9421,7143591.004,35S,25,1139
257,21,4,15,12,0,33,552824.7945,7142962.3,35S,15,1143
258,22,4,15,12,0,33,554211.6771,7145099.601,35S,9,1143
259,23,4,15,12,0,52,554802.9595,7144100.444,35S,36.5,1152
260,24,4,15,12,0,33,554085.7629,7143972.725,35S,24,1143
261,25,4,15,12,0,33,554049.702,7145445.792,35S,15,1146
262,26,4,15,12,0,33,554044.6355,7145432.523,35S,13.5,1149
263,27,4,15,12,0,33,553915.9632,7145344.453,35S,29,1141
264,28,4,15,12,0,33,556081.1839,7145099.537,35S,25.5,1139
265,29,4,15,12,0,33,561390.0847,7145328.399,35S,20,1150
266,30,4,15,12,0,33,556420.7751,7145046.038,35S,19,1149
267,1,5,15,12,0,33,556420.7514,7145040.5,35S,27.5,1142
268,2,5,15,12,0,33,558769.3748,7146832.09,35S,25,1144
269,3,5,15,12,0,33,560641.371,7146225.59,35S,0,1163
270,4,5,15,12,0,39,563768.598,7149209.885,35S,16,1163
271,5,5,15,12,0,51,563241.2854,7147771.6,35S,23,1151
272,6,5,15,12,0,33,564878.4351,7148555.502,35S,23,1181
273,8,5,15,12,0,33,564687.5075,7146424.549,35S,12.5,1186
274,9,5,15,12,0,33,564660.4831,7146433.541,35S,8.5,1182
275,10,5,15,12,0,33,564615.435,7146447.051,35S,31,1198
276,11,5,15,12,0,33,564539.9809,7146393.154,35S,19.5,1185
277,12,5,15,12,0,33,564620.2361,7146403.836,35S,13.5,1191
278,13,5,15,12,0,33,565263.2593,7147700.85,35S,11.5,1190
279,14,5,15,12,0,33,563125.9372,7147762.185,35S,32.5,1147
280,15,5,15,12,0,33,562684.23,7145114.108,35S,22,1112
281,16,5,15,12,0,33,563290.4666,7147782.439,35S,22,1116
282,17,5,15,12,0,33,561849.0929,7147657.48,35S,6.5,1116
283,18,5,15,12,0,33,558429.5274,7147062.844,35S,29.5,1115
284,19,5,15,12,0,33,557859.041,7147057.604,35S,22,1115
285,20,5,15,12,0,33,558193.2587,7146912.165,35S,15,1113
286,21,5,15,12,0,33,558477.9771,7146683.877,35S,6,1113
287,22,5,15,12,1,39,558799.4904,7146840.816,35S,37.5,1113
288,23,5,15,12,0,33,558827.2603,7146773.137,35S,21,1106
289,24,5,15,12,0,33,555369.6075,7140600.707,35S,12.5,1113
290,25,5,15,12,0,33,554806.2917,7144902.231,35S,12,1118
291,26,5,15,12,0,33,559306.3262,7146738.876,35S,27.5,1088
292,27,5,15,12,0,33,561222.2273,7148041.371,35S,21,1105
293,28,5,15,12,0,33,558315.5547,7148270.481,35S,15.5,1115
294,29,5,15,12,0,33,558815.5109,7147961.497,35S,13.5,1115
295,30,5,15,12,0,33,557579.1622,7147250.419,35S,33.5,1135
296,31,5,15,12,0,34,557160.052,7146780.462,35S,23.5,1133
297,1,6,15,12,0,33,556380.8108,7146015.237,35S,10.5,1143
298,2,6,15,12,0,33,553483.236,7144929.811,35S,13.5,1141
299,3,6,15,12,0,33,556389.833,7146015.198,35S,30.5,1165
300,4,6,15,12,0,33,556402.8367,7146008.498,35S,23.5,1151
301,5,6,15,12,0,33,555227.3852,7146119.786,35S,14.5,1143
302,6,6,15,12,0,33,555534.0225,7145613.498,35S,15,1133
303,7,6,15,12,0,33,557569.2946,7146137.463,35S,31,1124
304,8,6,15,12,0,33,557546.4887,7146195.151,35S,25,1122
305,9,6,15,12,0,33,556808.6286,7141306.678,35S,19,1154
306,10,6,15,12,0,33,551560.4007,7140259.573,35S,15,1161
307,11,6,15,12,1,34,553931.4223,7145202.636,35S,31,1154
308,12,6,15,12,0,33,554688.3378,7144739.924,35S,24.5,1155
309,13,6,15,12,0,33,554698.3477,7144736.56,35S,14.5,1171
310,14,6,15,12,0,34,554693.3496,7144739.903,35S,18,1163
311,15,6,15,12,0,33,553398.8987,7145143.892,35S,34.5,1158
312,16,6,15,12,0,33,553304.2709,7143309.218,35S,24,1154
313,17,6,15,12,0,33,554021.0341,7143831.236,35S,14.5,1166
314,18,6,15,12,0,33,553894.305,7143724.331,35S,13,1163
315,19,6,15,12,0,33,534254.5104,7141462.173,35S,35,1173
316,20,6,15,12,0,33,545793.1846,7138389.371,35S,23,1184
317,21,6,15,12,0,33,545690.1259,7138428.49,35S,16,1192
318,22,6,15,12,0,33,545798.2132,7138394.891,35S,18,1185
319,23,6,15,12,1,4,545800.2054,7138391.562,35S,27.5,1184
320,24,6,15,12,0,34,545795.2076,7138394.901,35S,24,1183
321,25,6,15,12,0,33,533999.0465,7141490.521,35S,11,1190
322,26,6,15,12,0,34,534199.6221,7141549.803,35S,12,1190
323,27,6,15,12,0,57,545453.1855,7138575.495,35S,26,1183
324,28,6,15,12,0,33,533500.3868,7142432.008,35S,22.5,1165
325,30,6,15,12,0,33,528314.892,7142788.581,35S,12,1167
326,1,7,15,12,0,32,528335.0955,7142862.735,35S,14,1166
327,2,7,15,12,0,32,528767.0539,7145622.605,35S,29,1175
328,3,7,15,12,0,32,545812.3475,7138425.85,35S,22,1146
329,4,7,15,12,0,51,553527.1965,7143906.342,35S,16.5,1132
330,5,7,15,12,0,32,545962.6759,7138438.615,35S,17.5,1129
331,6,7,15,12,0,32,546580.2072,7138541.651,35S,30,1137
332,7,7,15,12,0,32,560761.5283,7144888.321,35S,24,1135
333,8,7,15,12,0,32,551481.1746,7141011.848,35S,15,1136
334,9,7,15,12,0,50,553566.3909,7141959.27,35S,20.5,1133
335,10,7,15,12,0,32,551643.7044,7143617.057,35S,32,1126
336,11,7,15,12,0,58,550824.0665,7144199.441,35S,25,1140
337,12,7,15,12,0,32,550820.0956,7144209.423,35S,20.5,1151
338,13,7,15,12,0,32,550850.4614,7143766.325,35S,14,1151
339,14,7,15,12,0,32,551527.7735,7141908.706,35S,32.5,1158
340,15,7,15,12,0,57,559652.6352,7143066.059,35S,22.5,1157
341,16,7,15,12,0,32,552471.6711,7142375.65,35S,17.5,1173
342,17,7,15,12,0,32,559625.4692,7143042.925,35S,14,1166
343,18,7,15,12,0,32,559607.2534,7143004.246,35S,31.5,1168
344,19,7,15,12,0,34,550695.2045,7141187.66,35S,22,1172
345,20,7,15,12,0,32,528670.045,7142499.883,35S,15,1138
346,21,7,15,12,0,32,528606.8576,7142476.764,35S,12.5,1126
347,23,7,15,12,0,32,534333.682,7141464.182,35S,23,1092
348,24,7,15,12,0,32,533339.2276,7142507.722,35S,21,1112
349,25,7,15,12,1,22,531881.911,7142863.491,35S,5.5,1125
350,26,7,15,12,0,32,533213.4638,7141915.564,35S,8.5,1122
351,28,7,15,12,1,4,528793.3295,7141590.417,35S,26.5,1135
352,29,7,15,12,0,32,533324.321,7142557.594,35S,18.5,1128
353,31,7,15,12,1,3,533178.5063,7141962.164,35S,12.5,1142
354,1,8,15,12,0,32,525985.4727,7147210.877,35S,1.5,1142
355,2,8,15,12,0,33,528537.0909,7145896.638,35S,29.5,1137
356,3,8,15,12,0,32,526891.0051,7146346.385,35S,19,1147
357,4,8,15,12,0,32,530507.6151,7142315.245,35S,9,1143
358,5,8,15,12,0,32,553743.1318,7139591.902,35S,7.5,1143
359,6,8,15,12,0,32,555534.2369,7140431.678,35S,27,1162
360,7,8,15,12,0,32,555535.2249,7140428.352,35S,16.5,1241
361,8,8,15,12,0,32,536432.9231,7140314.56,35S,14.5,1336
362,9,8,15,12,0,35,540273.5926,7138975.547,35S,9,1231
363,10,8,15,12,0,32,543960.6875,7138675.808,35S,27.5,1297
364,11,8,15,12,0,32,549561.2679,7139444.411,35S,21.5,1347
365,12,8,15,12,0,33,558982.1285,7143292.785,35S,17.5,1409
366,13,8,15,12,0,32,561933.6115,7146438.867,35S,10,1403
367,14,8,15,12,0,32,559293.0771,7142900.453,35S,27.5,1290
368,15,8,15,12,0,32,558941.6317,7143202.154,35S,21.5,1184
369,16,8,15,12,0,51,559361.0655,7143531.405,35S,16,1192
370,17,8,15,12,0,32,558454.1751,7142445.709,35S,15.5,1193
371,18,8,15,12,0,32,559093.9049,7142962.259,35S,29.5,1197
372,19,8,15,12,0,32,559056.0182,7143006.727,35S,25.5,1157
373,22,8,15,12,0,51,559043.6638,7143157.399,35S,6,1164
374,23,8,15,12,0,37,566946.157,7147991.444,35S,11.5,1161
375,24,8,15,12,0,32,564259.6779,7147506.427,35S,28.5,1125
376,25,8,15,12,0,32,558550.496,7142018.905,35S,22,1106
377,26,8,15,12,0,32,549567.7518,7139303.74,35S,15,1114
378,27,8,15,12,0,32,550189.9382,7139294.736,35S,14.5,1112
379,28,8,15,12,0,32,553326.3327,7139352.171,35S,32,1102
380,29,8,15,12,0,32,553846.5133,7140614.776,35S,26,1107
381,31,8,15,12,0,32,554686.0006,7140071.981,35S,23,1111
382,1,9,15,12,0,32,555250.595,7140656.58,35S,9.5,1107
383,2,9,15,12,0,32,549015.7054,7139044.448,35S,31.5,1106
384,3,9,15,12,0,32,547361.7956,7138848.948,35S,25,1107
385,5,9,15,12,0,32,547341.4704,7138769.284,35S,9.5,1113
386,7,9,15,12,0,32,545089.2049,7140538.041,35S,11.5,1122
387,8,9,15,12,0,32,534402.7933,7141067.54,35S,29,1105
388,9,9,15,12,0,32,529259.6455,7143998.04,35S,25,1140
389,10,9,15,12,0,32,526714.5489,7144850.62,35S,22,1155
390,11,9,15,12,0,32,529510.7601,7142001.899,35S,10.5,1122
391,12,9,15,12,0,33,541225.9602,7138827.522,35S,27,1120
392,13,9,15,12,0,32,545086.1609,7140526.977,35S,22.5,1126
393,14,9,15,12,1,34,548334.4253,7139055.827,35S,13,1129
394,15,9,15,12,1,4,548339.4472,7139059.131,35S,8.5,1146
395,16,9,15,12,0,32,548297.5775,7139116.873,35S,27,1135
396,17,9,15,12,0,32,548439.5343,7139029.969,35S,23.5,1143
397,18,9,15,12,0,32,548284.7555,7139172.293,35S,10,1156
398,19,9,15,12,0,32,543399.494,7138637.803,35S,30.5,1163
399,20,9,15,12,0,32,532771.7859,7142828.085,35S,22,1145
400,21,9,15,12,0,32,533127.6341,7142056.424,35S,18,1179
401,22,9,15,12,0,33,549190.2233,7139360.529,35S,14.5,1181
402,23,9,15,12,1,34,561480.5714,7145385.566,35S,32.5,1174
403,24,9,15,12,0,32,556232.5415,7141339.052,35S,25,1174
404,25,9,15,12,0,32,556062.8886,7143861.472,35S,11,1187
405,26,9,15,12,0,32,553989.1625,7140456.932,35S,29,1151
406,27,9,15,12,0,32,534179.7667,7141621.837,35S,24,1118
407,28,9,15,12,0,32,525271.9203,7142634.192,35S,14,1145
408,30,9,15,12,2,4,540947.262,7141351.148,35S,11.5,1168
409,1,10,15,12,0,32,550729.5873,7138928.313,35S,30,1131
410,2,10,15,12,0,59,557545.921,7141931.412,35S,24,1167
411,4,10,15,12,0,51,565855.2888,7146790.886,35S,12,1186
412,5,10,15,12,0,34,572316.4462,7150738.497,35S,9.5,1187
413,6,10,15,12,0,33,560630.912,7144822.474,35S,30.5,1156
414,7,10,15,12,0,32,555803.5778,7140144.813,35S,25.5,1172
415,8,10,15,12,0,32,555719.4407,7140152.922,35S,11.5,1182
416,9,10,15,12,1,6,555745.801,7140698.791,35S,14.5,1170
417,10,10,15,12,0,32,559500.0108,7143226.224,35S,26.5,1149
418,11,10,15,12,0,56,555850.7397,7145125.986,35S,23,1143
419,12,10,15,12,0,33,550564.7736,7143235.846,35S,20,1154
420,14,10,15,12,2,5,553991.987,7140412.622,35S,14,1150
421,15,10,15,12,1,23,553981.0417,7140431.494,35S,22.5,1157
422,16,10,15,12,1,6,553957.029,7140440.452,35S,23,1156
423,17,10,15,12,0,32,553219.4338,7138933.982,35S,16.5,1169
424,18,10,15,12,1,5,553544.9006,7138401.078,35S,21.5,1173
425,19,10,15,12,1,28,554138.9773,7140336.711,35S,30,1130
426,20,10,15,12,0,32,556079.6989,7141452.666,35S,26,1138
427,21,10,15,12,0,32,554436.7871,7140142.784,35S,18.5,1148
428,22,10,15,12,0,57,554280.661,7139946.3,35S,21,1166
429,23,10,15,12,1,3,554543.5078,7140022.736,35S,33.5,1129
430,26,10,15,12,1,6,549878.3573,7140624.87,35S,23,1121
431,27,10,15,12,0,51,554822.507,7143739.33,35S,14.5,1124
432,28,10,15,12,1,21,554775.6457,7143316.475,35S,10,1124
433,29,10,15,12,0,33,554737.6287,7143333.245,35S,26.5,1113
434,30,10,15,12,0,33,561119.9635,7145444.83,35S,23.5,1142
435,1,11,15,12,1,26,558238.8889,7144076.855,35S,17,1132
436,2,11,15,12,0,32,550008.9768,7139134.844,35S,15,1131
437,3,11,15,12,0,51,550817.2993,7140366.564,35S,29.5,1160
438,4,11,15,12,0,32,550183.4816,7141017.965,35S,25.5,1168
439,5,11,15,12,0,32,550675.5046,7140755.828,35S,18,1172
440,6,11,15,12,0,32,550681.5042,7140752.482,35S,11.5,1166
441,8,11,15,12,0,32,550651.3231,7140721.59,35S,31,1204
442,11,11,15,12,0,32,545029.0598,7140531.602,35S,26,1136
443,12,11,15,12,0,58,536373.1235,7140431.007,35S,13.5,1128
444,14,11,15,12,0,32,532950.5344,7142168.718,35S,16,1127
445,16,11,15,12,0,33,531938.0398,7142865.57,35S,28.5,1165
446,17,11,15,12,0,32,527638.3845,7146603.977,35S,26,1165
447,18,11,15,12,0,33,528827.0655,7145561.566,35S,26,1170
448,20,11,15,12,0,32,528413.6738,7144446.182,35S,18.5,1170
449,23,11,15,12,1,4,528551.5194,7144689.517,35S,29.5,1170
450,24,11,15,12,0,32,529452.6287,7141998.707,35S,21.5,1166
451,25,11,15,12,0,33,534844.104,7142733.066,35S,13.5,1174
